{
  "step_qonnx_to_finn": 7.390975952148438e-05,
  "step_tidy_up": 0.09444546699523926,
  "step_streamline": 4.960416078567505,
  "step_convert_to_hw": 0.1596660614013672,
  "step_create_dataflow_partition": 0.04603314399719238,
  "step_specialize_layers": 0.032464027404785156,
  "step_target_fps_parallelization": 0.04133772850036621,
  "step_apply_folding_config": 147.56942510604858,
  "step_minimize_bit_width": 0.16742873191833496,
  "step_generate_estimate_reports": 0.0914759635925293,
  "step_hw_codegen": 13.193283081054688,
  "step_hw_ipgen": 547.4937696456909,
  "step_set_fifo_depths": 1.5015692710876465,
  "step_create_stitched_ip": 1338.2483179569244,
  "step_measure_rtlsim_performance": 114.00353002548218,
  "step_out_of_context_synthesis": 1.3113021850585938e-05,
  "step_synthesize_bitfile": 2199.4277448654175,
  "step_make_pynq_driver": 9.36000394821167,
  "step_deployment_package": 0.003937482833862305
}